{
  "ansatz": "BasicEntanglerLayers",
  "L": 3,
  "results": {
    "fgsm": {
      "VQC-angle": {
        "0.00": [
          0.6625000238418579,
          0.5450000166893005,
          0.6100000143051147,
          0.49000000953674316,
          0.4749999940395355
        ],
        "0.02": [
          0.4975000023841858,
          0.5274999737739563,
          0.5249999761581421,
          0.4724999964237213,
          0.44749999046325684
        ],
        "0.05": [
          0.15000000596046448,
          0.47999998927116394,
          0.0949999988079071,
          0.4350000023841858,
          0.42750000953674316
        ],
        "0.10": [
          0.032499998807907104,
          0.47999998927116394,
          0.019999999552965164,
          0.4350000023841858,
          0.41749998927116394
        ],
        "0.15": [
          0.029999999329447746,
          0.47999998927116394,
          0.019999999552965164,
          0.4350000023841858,
          0.41749998927116394
        ],
        "0.20": [
          0.029999999329447746,
          0.47999998927116394,
          0.019999999552965164,
          0.4350000023841858,
          0.41749998927116394
        ]
      },
      "VQC-amplitude-dense": {
        "0.00": [
          0.7450000047683716,
          0.6474999785423279,
          0.7200000286102295,
          0.6800000071525574,
          0.7699999809265137
        ],
        "0.02": [
          0.1574999988079071,
          0.25999999046325684,
          0.13750000298023224,
          0.11999999731779099,
          0.2849999964237213
        ],
        "0.05": [
          0.05999999865889549,
          0.3474999964237213,
          0.02500000037252903,
          0.08500000089406967,
          0.3050000071525574
        ],
        "0.10": [
          0.23000000417232513,
          0.512499988079071,
          0.05000000074505806,
          0.25,
          0.32499998807907104
        ],
        "0.15": [
          0.25999999046325684,
          0.5174999833106995,
          0.20250000059604645,
          0.48750001192092896,
          0.5325000286102295
        ],
        "0.20": [
          0.44999998807907104,
          0.5325000286102295,
          0.2475000023841858,
          0.5024999976158142,
          0.5375000238418579
        ]
      },
      "VQC-amplitude-degenerate": {
        "0.00": [
          0.6474999785423279,
          0.7024999856948853,
          0.6899999976158142,
          0.7475000023841858,
          0.7699999809265137
        ],
        "0.02": [
          0.5249999761581421,
          0.3125,
          0.574999988079071,
          0.5199999809265137,
          0.3449999988079071
        ],
        "0.05": [
          0.15000000596046448,
          0.22750000655651093,
          0.2175000011920929,
          0.1875,
          0.20999999344348907
        ],
        "0.10": [
          0.04500000178813934,
          0.07500000298023224,
          0.05999999865889549,
          0.05249999836087227,
          0.06499999761581421
        ],
        "0.15": [
          0.007499999832361937,
          0.02500000037252903,
          0.0,
          0.0,
          0.027499999850988388
        ],
        "0.20": [
          0.0,
          0.0024999999441206455,
          0.0,
          0.0,
          0.0
        ]
      }
    },
    "pgd": {
      "VQC-angle": {
        "0.00": [
          0.6625000238418579,
          0.5450000166893005,
          0.6100000143051147,
          0.49000000953674316,
          0.4749999940395355
        ],
        "0.02": [
          0.4975000023841858,
          0.5274999737739563,
          0.5249999761581421,
          0.4724999964237213,
          0.44749999046325684
        ],
        "0.05": [
          0.13500000536441803,
          0.47999998927116394,
          0.08500000089406967,
          0.4350000023841858,
          0.42500001192092896
        ],
        "0.10": [
          0.012500000186264515,
          0.24250000715255737,
          0.0,
          0.1875,
          0.1574999988079071
        ],
        "0.15": [
          0.0024999999441206455,
          0.12250000238418579,
          0.0,
          0.15000000596046448,
          0.17000000178813934
        ],
        "0.20": [
          0.014999999664723873,
          0.07000000029802322,
          0.08250000327825546,
          0.03500000014901161,
          0.029999999329447746
        ]
      },
      "VQC-amplitude-dense": {
        "0.00": [
          0.7450000047683716,
          0.6474999785423279,
          0.7200000286102295,
          0.6800000071525574,
          0.7699999809265137
        ],
        "0.02": [
          0.14000000059604645,
          0.23000000417232513,
          0.11999999731779099,
          0.11249999701976776,
          0.21250000596046448
        ],
        "0.05": [
          0.004999999888241291,
          0.02500000037252903,
          0.0,
          0.0,
          0.032499998807907104
        ],
        "0.10": [
          0.0,
          0.007499999832361937,
          0.0,
          0.0,
          0.0
        ],
        "0.15": [
          0.0,
          0.0,
          0.0,
          0.0,
          0.0
        ],
        "0.20": [
          0.0,
          0.0024999999441206455,
          0.0,
          0.0,
          0.0
        ]
      },
      "VQC-amplitude-degenerate": {
        "0.00": [
          0.6474999785423279,
          0.7024999856948853,
          0.6899999976158142,
          0.7475000023841858,
          0.7699999809265137
        ],
        "0.02": [
          0.5249999761581421,
          0.3125,
          0.574999988079071,
          0.5199999809265137,
          0.3449999988079071
        ],
        "0.05": [
          0.15000000596046448,
          0.22750000655651093,
          0.2175000011920929,
          0.1875,
          0.20999999344348907
        ],
        "0.10": [
          0.04500000178813934,
          0.07500000298023224,
          0.05999999865889549,
          0.05249999836087227,
          0.06499999761581421
        ],
        "0.15": [
          0.007499999832361937,
          0.02500000037252903,
          0.0,
          0.0,
          0.027499999850988388
        ],
        "0.20": [
          0.0,
          0.0024999999441206455,
          0.0,
          0.0,
          0.0
        ]
      }
    }
  }
}