{
  "populated_fraction": 1.0,
  "results": {
    "fgsm": {
      "VQC-angle": {
        "0.00": [
          0.7250000238418579,
          0.7099999785423279,
          0.762499988079071,
          0.7475000023841858,
          0.7774999737739563
        ],
        "0.02": [
          0.6949999928474426,
          0.6850000023841858,
          0.7425000071525574,
          0.7124999761581421,
          0.7325000166893005
        ],
        "0.05": [
          0.625,
          0.5600000023841858,
          0.6200000047683716,
          0.5274999737739563,
          0.46000000834465027
        ],
        "0.10": [
          0.20250000059604645,
          0.2750000059604645,
          0.25999999046325684,
          0.2175000011920929,
          0.2549999952316284
        ],
        "0.15": [
          0.18000000715255737,
          0.2574999928474426,
          0.2199999988079071,
          0.1875,
          0.2199999988079071
        ],
        "0.20": [
          0.16249999403953552,
          0.27250000834465027,
          0.19750000536441803,
          0.125,
          0.2199999988079071
        ]
      },
      "VQC-amplitude-dense": {
        "0.00": [
          0.7549999952316284,
          0.7425000071525574,
          0.7724999785423279,
          0.75,
          0.7574999928474426
        ],
        "0.02": [
          0.16500000655651093,
          0.2524999976158142,
          0.1850000023841858,
          0.32749998569488525,
          0.3075000047683716
        ],
        "0.05": [
          0.23000000417232513,
          0.11999999731779099,
          0.09000000357627869,
          0.2175000011920929,
          0.3174999952316284
        ],
        "0.10": [
          0.375,
          0.13249999284744263,
          0.2224999964237213,
          0.36250001192092896,
          0.5774999856948853
        ],
        "0.15": [
          0.4749999940395355,
          0.1574999988079071,
          0.24500000476837158,
          0.44999998807907104,
          0.6274999976158142
        ],
        "0.20": [
          0.4925000071525574,
          0.20749999582767487,
          0.35249999165534973,
          0.4950000047683716,
          0.6399999856948853
        ]
      },
      "VQC-amplitude-degenerate": {
        "0.00": [
          0.7225000262260437,
          0.7049999833106995,
          0.7574999928474426,
          0.7425000071525574,
          0.7724999785423279
        ],
        "0.02": [
          0.6825000047683716,
          0.6850000023841858,
          0.7425000071525574,
          0.7074999809265137,
          0.7350000143051147
        ],
        "0.05": [
          0.5824999809265137,
          0.47999998927116394,
          0.6200000047683716,
          0.512499988079071,
          0.3400000035762787
        ],
        "0.10": [
          0.1850000023841858,
          0.2524999976158142,
          0.2475000023841858,
          0.2150000035762787,
          0.23999999463558197
        ],
        "0.15": [
          0.1550000011920929,
          0.23000000417232513,
          0.20999999344348907,
          0.19750000536441803,
          0.21250000596046448
        ],
        "0.20": [
          0.07500000298023224,
          0.16750000417232513,
          0.11749999970197678,
          0.1274999976158142,
          0.1850000023841858
        ]
      }
    },
    "pgd": {
      "VQC-angle": {
        "0.00": [
          0.7250000238418579,
          0.7099999785423279,
          0.762499988079071,
          0.7475000023841858,
          0.7774999737739563
        ],
        "0.02": [
          0.6949999928474426,
          0.6850000023841858,
          0.7425000071525574,
          0.7124999761581421,
          0.7325000166893005
        ],
        "0.05": [
          0.6225000023841858,
          0.5600000023841858,
          0.6274999976158142,
          0.5299999713897705,
          0.4724999964237213
        ],
        "0.10": [
          0.19249999523162842,
          0.2574999928474426,
          0.25,
          0.2199999988079071,
          0.2475000023841858
        ],
        "0.15": [
          0.1599999964237213,
          0.23000000417232513,
          0.19750000536441803,
          0.18250000476837158,
          0.17749999463558197
        ],
        "0.20": [
          0.10750000178813934,
          0.19750000536441803,
          0.12250000238418579,
          0.12250000238418579,
          0.08250000327825546
        ]
      },
      "VQC-amplitude-dense": {
        "0.00": [
          0.7549999952316284,
          0.7425000071525574,
          0.7724999785423279,
          0.75,
          0.7574999928474426
        ],
        "0.02": [
          0.11249999701976776,
          0.19499999284744263,
          0.14499999582767487,
          0.25999999046325684,
          0.25
        ],
        "0.05": [
          0.02250000089406967,
          0.004999999888241291,
          0.009999999776482582,
          0.004999999888241291,
          0.014999999664723873
        ],
        "0.10": [
          0.007499999832361937,
          0.0024999999441206455,
          0.0,
          0.0,
          0.0
        ],
        "0.15": [
          0.0,
          0.0,
          0.0,
          0.0,
          0.0
        ],
        "0.20": [
          0.0,
          0.0,
          0.0,
          0.0,
          0.0
        ]
      },
      "VQC-amplitude-degenerate": {
        "0.00": [
          0.7225000262260437,
          0.7049999833106995,
          0.7574999928474426,
          0.7425000071525574,
          0.7724999785423279
        ],
        "0.02": [
          0.6825000047683716,
          0.6850000023841858,
          0.7425000071525574,
          0.7074999809265137,
          0.7350000143051147
        ],
        "0.05": [
          0.5824999809265137,
          0.4625000059604645,
          0.6200000047683716,
          0.5099999904632568,
          0.33250001072883606
        ],
        "0.10": [
          0.18000000715255737,
          0.2475000023841858,
          0.2475000023841858,
          0.2150000035762787,
          0.23499999940395355
        ],
        "0.15": [
          0.14749999344348907,
          0.2175000011920929,
          0.18000000715255737,
          0.17249999940395355,
          0.20000000298023224
        ],
        "0.20": [
          0.05000000074505806,
          0.09749999642372131,
          0.07750000059604645,
          0.08500000089406967,
          0.11249999701976776
        ]
      }
    }
  }
}